number of points,mean,variance
5,0.239660173047826,0.015319100560870063
10,0.26236842725178716,0.008530071862411507
20,0.25419607236390734,0.003485588822048975
30,0.24825337295907374,0.0020662379714080402
40,0.24795038001121658,0.0017474912226034054
50,0.25166337822843915,0.0014409557434980126
60,0.248881941648673,0.0014156585547267719
70,0.2495717021342314,0.0010863013629505826
80,0.2422859979724497,0.0009228057297632367
100,0.2465899328377157,0.0008771336199754711
